command,mean,stddev,median,user,system,min,max
fastlz1,12.98639579,1.471285836,12.47858378,4.174342933,8.823754489,11.38921178,19.59861078
fastlz2,12.19613769,0.5875847746,12.03119652,3.905453208,8.274995,11.21100202,13.77797102
uncompressed,9.189936953,0.5627173893,9.0503129,4.956227092,4.23508539,8.2692079,10.6013019
zlib0,11.95358581,0.7256513148,11.8664233,4.200792825,7.762784753,10.7087693,14.7913433
zlib1,12.96278894,0.9137541321,12.78595442,5.075546634,7.891110634,11.84051342,17.86654842
zlib3,12.6532173,0.64123711,12.4734273,5.266293897,7.37788507,11.6403703,15.2530783
zlib6,12.20321933,0.5730424908,12.02490832,5.261854609,6.953686435,11.33335482,14.26628082
zlib9,12.62452388,0.5751466442,12.48667264,5.127496946,7.492615961,11.60951164,14.42773764